이름;위치;기간;피리어드;Rally;Result;상대성공실점;득점유형;Player;실수 기술;ColorTag
1set;5613;8484;1. 피리어드;1set;Away Successful Lose;중간볼;;;;Color3
1set;24083;21751;1. 피리어드;1set;Successful Win;;공격;;;Color3
1set;68405;7468;1. 피리어드;1set;Successful Win;;중간볼;;;Color3
1set;86374;9017;1. 피리어드;1set;Mistake Lose;;;Home2;Smash;Color3
1set;118529;2316;1. 피리어드;1set;Mistake Lose;;;Home2;Return;Color3
1set;128748;3850;1. 피리어드;1set;Away Mistakes Win;;;;;Color3
1set;145016;4618;1. 피리어드;1set;Mistake Lose;;;Home2;Serve;Color3
1set;198523;4751;1. 피리어드;1set;Away Successful Lose;초구;;;;Color3
1set;215409;5885;1. 피리어드;1set;Away Successful Lose;중간볼;;;;Color3
1set;231079;5585;1. 피리어드;1set;Mistake Lose;;;Home2;Smash;Color3
1set;251149;8534;1. 피리어드;1set;Successful Win;;공격;;;Color3
1set;275902;11318;1. 피리어드;1set;Successful Win;;공격;;;Color3
1set;306273;16320;1. 피리어드;1set;Successful Win;;중간볼;;;Color3
1set;344445;11269;1. 피리어드;1set;Successful Win;;중간볼;;;Color3
1set;371532;15352;1. 피리어드;1set;Successful Win;;공격;;;Color3
1set;410105;4550;1. 피리어드;1set;Away Mistakes Win;;;;;Color3
1set;426541;9501;1. 피리어드;1set;Successful Win;;공격;;;Color3
1set;451360;5935;1. 피리어드;1set;Away Mistakes Win;;;;;Color3
1set;519004;10018;1. 피리어드;1set;Away Mistakes Win;;;;;Color3
1set;539973;6468;1. 피리어드;1set;Successful Win;;공격;;;Color3
1set;567411;5551;1. 피리어드;1set;Mistake Lose;;;Home1;Short Drive;Color3
1set;582697;3567;1. 피리어드;1set;Mistake Lose;;;Home2;Block;Color3
1set;597365;19186;1. 피리어드;1set;Successful Win;;중간볼;;;Color3
1set;642255;4451;1. 피리어드;1set;Away Successful Lose;초구;;;;Color3
1set;661658;9185;1. 피리어드;1set;Mistake Lose;;;Home1;Cut;Color3
1set;681112;3233;1. 피리어드;1set;Successful Win;;초구;;;Color3
1set;693646;6217;1. 피리어드;1set;Mistake Lose;;;Home2;Drive;Color3
1set;711649;2267;1. 피리어드;1set;Successful Win;초구;;;;Color3
1set;725050;5536;1. 피리어드;1set;Away Successful Lose;초구;;;;Color3
1set;741936;12203;1. 피리어드;1set;Away Successful Lose;중간볼;;;;Color3
1set;788861;16452;1. 피리어드;1set;Successful Win;;중간볼;;;Color3
1set;842185;8101;1. 피리어드;1set;Away Successful Lose;초구;;;;Color3
1set;860620;4001;1. 피리어드;1set;Away Successful Lose;초구;;;;Color3
1set;878556;12935;1. 피리어드;1set;Successful Win;;중간볼;;;Color3
1set;918129;6569;1. 피리어드;1set;Away Mistakes Win;;;;;Color3
1set;935415;6234;1. 피리어드;1set;Away Successful Lose;초구;;;;Color3
1set;960152;7768;1. 피리어드;1set;Successful Win;;공격;;;Color3
1set;981555;9752;1. 피리어드;1set;Successful Win;;중간볼;;;Color3
2set;1118892;7251;1. 피리어드;2set;Successful Win;;공격;;;Color3
2set;1143212;6452;1. 피리어드;2set;Mistake Lose;;;Home1;Drive;Color3
2set;1161031;13619;1. 피리어드;2set;Successful Win;;공격;;;Color3
2set;1193169;14486;1. 피리어드;2set;Away Successful Lose;수비;;;;Color3
2set;1222807;9285;1. 피리어드;2set;Away Successful Lose;중간볼;;;;Color3
2set;1251911;7118;1. 피리어드;2set;Away Mistakes Win;;;;;Color3
2set;1312686;7051;1. 피리어드;2set;Mistake Lose;;;Home2;Return;Color3
2set;1330939;6884;1. 피리어드;2set;Successful Win;;공격;;;Color3
2set;1350008;10185;1. 피리어드;2set;Away Successful Lose;수비;;;;Color3
2set;1376047;1983;1. 피리어드;2set;Successful Win;;초구;;;Color3
2set;1393198;13302;1. 피리어드;2set;Away Successful Lose;중간볼;;;;Color3
2set;1440305;3051;1. 피리어드;2set;Away Mistakes Win;;;;;Color3
2set;1455424;10318;1. 피리어드;2set;Successful Win;;중간볼;;;Color3
2set;1480294;6500;1. 피리어드;2set;Successful Win;;초구;;;Color3
2set;1499965;6151;1. 피리어드;2set;Mistake Lose;;;Home1;Block;Color3
2set;1518884;7351;1. 피리어드;2set;Successful Win;;공격;;;Color3
2set;1551071;14386;1. 피리어드;2set;Successful Win;;공격;;;Color3
2set;1583243;6668;1. 피리어드;2set;Away Successful Lose;수비;;;;Color3
2set;1601262;4734;1. 피리어드;2set;Successful Win;;중간볼;;;Color3
2set;1668872;6335;1. 피리어드;2set;Successful Win;;초구;;;Color3
2set;1689359;15353;1. 피리어드;2set;Away Successful Lose;수비;;;;Color3
2set;1733048;3601;1. 피리어드;2set;Successful Win;;초구;;;Color3
2set;1751468;13618;1. 피리어드;2set;Away Successful Lose;수비;;;;Color3
2set;1784423;5300;1. 피리어드;2set;Mistake Lose;;;Home1;Return;Color3
2set;1810892;7418;1. 피리어드;2set;Away Successful Lose;중간볼;;;;Color3
2set;1830713;19136;1. 피리어드;2set;Away Mistakes Win;;;;;Color3
2set;1874402;7568;1. 피리어드;2set;Successful Win;;초구;;;Color3
2set;1895288;12852;1. 피리어드;2set;Successful Win;;중간볼;;;Color3
2set;1922659;7585;1. 피리어드;2set;Successful Win;;중간볼;;;Color3
2set;1941679;7000;1. 피리어드;2set;Away Successful Lose;초구;;;;Color3
2set;1962615;13136;1. 피리어드;2set;Successful Win;;중간볼;;;Color3
2set;1993803;14751;1. 피리어드;2set;Mistake Lose;;;Home1;Return;Color3
2set;2026558;4751;1. 피리어드;2set;Successful Win;;초구;;;Color3
2set;2045544;4818;1. 피리어드;2set;Mistake Lose;;;Home1;Serve;Color3
2set;2060929;8851;1. 피리어드;2set;Mistake Lose;;;Home1;Return;Color3
2set;2126055;24239;1. 피리어드;2set;Away Successful Lose;수비;;;;Color3
2set;2175129;3785;1. 피리어드;2set;Successful Win;;공격;;;Color3
2set;2195999;13518;1. 피리어드;2set;Successful Win;;공격;;;Color3
