이름;위치;기간;피리어드;Rally;Result;득점유형;Player;실수 기술;상대성공실점;ColorTag
1set;5579;2999;1. 피리어드;1set;Successful Win;초구;;;;Color3
1set;20562;3785;1. 피리어드;1set;Successful Win;초구;;;;Color3
1set;34948;4001;1. 피리어드;1set;Away Mistakes Win;;;;;Color3
1set;48617;14737;1. 피리어드;1set;Mistake Lose;;Home1;Smash;;Color3
1set;80106;5450;1. 피리어드;1set;Away Successful Lose;;;;수비;Color3
1set;100525;18020;1. 피리어드;1set;Away Mistakes Win;;;;;Color3
1set;136047;5483;1. 피리어드;1set;Away Successful Lose;;;;초구;Color3
1set;157583;6284;1. 피리어드;1set;Away Successful Lose;;;;중간볼;Color3
1set;180470;7885;1. 피리어드;1set;Successful Win;중간볼;;;;Color3
1set;202324;7218;1. 피리어드;1set;Away Successful Lose;;;;수비;Color3
1set;229361;3168;1. 피리어드;1set;Successful Win;초구;;;;Color3
1set;245614;6267;1. 피리어드;1set;Away Successful Lose;;;;중간볼;Color3
1set;266716;15903;1. 피리어드;1set;Away Successful Lose;;;;중간볼;Color3
1set;308640;7117;1. 피리어드;1set;Away Mistakes Win;;;;;Color3
1set;330209;20686;1. 피리어드;1set;Successful Win;중간볼;;;;Color3
1set;374900;6518;1. 피리어드;1set;Away Successful Lose;;;;중간볼;Color3
1set;397270;4701;1. 피리어드;1set;Mistake Lose;;Home1;ETC;;Color3
1set;416405;2150;1. 피리어드;1set;Away Successful Lose;;;;초구;Color3
1set;434058;6368;1. 피리어드;1set;Away Mistakes Win;;;;;Color3
1set;454145;6002;1. 피리어드;1set;Away Successful Lose;;;;초구;Color3
1set;522238;10385;1. 피리어드;1set;Away Mistakes Win;;;;;Color3
1set;546959;10102;1. 피리어드;1set;Mistake Lose;;Home1;Short Drive;;Color3
1set;576113;16319;1. 피리어드;1set;Away Successful Lose;;;;중간볼;Color3
1set;638289;3485;1. 피리어드;1set;Away Mistakes Win;;;;;Color3
1set;656359;8135;1. 피리어드;1set;Mistake Lose;;Home1;Smash;;Color3
1set;681012;4052;1. 피리어드;1set;Successful Win;초구;;;;Color3
1set;699899;7235;1. 피리어드;1set;Away Successful Lose;;;;수비;Color3
1set;729336;4784;1. 피리어드;1set;Successful Win;중간볼;;;;Color3
1set;748940;5401;1. 피리어드;1set;Away Successful Lose;;;;초구;Color3
1set;771526;10619;1. 피리어드;1set;Successful Win;중간볼;;;;Color3
1set;810065;4301;1. 피리어드;1set;Mistake Lose;;Home1;Serve;;Color3
1set;829885;5118;1. 피리어드;1set;Away Mistakes Win;;;;;Color3
1set;850038;4684;1. 피리어드;1set;Successful Win;중간볼;;;;Color3
1set;869574;7617;1. 피리어드;1set;Away Successful Lose;;;;중간볼;Color3
1set;895928;19886;1. 피리어드;1set;Mistake Lose;;Home2;Smash;;Color3
1set;937551;5319;1. 피리어드;1set;Away Mistakes Win;;;;;Color3
1set;988709;7418;1. 피리어드;1set;Away Successful Lose;;;;초구;Color3
1set;1018697;4249;1. 피리어드;1set;Successful Win;초구;;;;Color3
1set;1036433;6018;1. 피리어드;1set;Away Successful Lose;;;;초구;Color3
2set;1161602;3567;1. 피리어드;2set;Mistake Lose;;Home1;Serve Receive;;Color3
2set;1184205;7117;1. 피리어드;2set;Away Successful Lose;;;;수비;Color3
2set;1204008;8952;1. 피리어드;2set;Successful Win;공격;;;;Color3
2set;1228878;5734;1. 피리어드;2set;Away Mistakes Win;;;;;Color3
2set;1246181;17636;1. 피리어드;2set;Away Successful Lose;;;;수비;Color3
2set;1290754;11185;1. 피리어드;2set;Away Successful Lose;;;;중간볼;Color3
2set;1333260;3802;1. 피리어드;2set;Successful Win;초구;;;;Color3
2set;1351447;7718;1. 피리어드;2set;Away Successful Lose;;;;초구;Color3
2set;1373067;8001;1. 피리어드;2set;Successful Win;공격;;;;Color3
2set;1395386;4802;1. 피리어드;2set;Successful Win;중간볼;;;;Color3
2set;1413923;13085;1. 피리어드;2set;Successful Win;중간볼;;;;Color3
2set;1454746;5518;1. 피리어드;2set;Away Successful Lose;;;;초구;Color3
2set;1476899;3635;1. 피리어드;2set;Successful Win;초구;;;;Color3
2set;1494552;12519;1. 피리어드;2set;Away Successful Lose;;;;중간볼;Color3
2set;1528923;17603;1. 피리어드;2set;Away Successful Lose;;;;수비;Color3
2set;1573763;6519;1. 피리어드;2set;Successful Win;중간볼;;;;Color3
2set;1596568;5901;1. 피리어드;2set;Away Successful Lose;;;;초구;Color3
2set;1619154;4851;1. 피리어드;2set;Successful Win;초구;;;;Color3
2set;1637540;4235;1. 피리어드;2set;Away Mistakes Win;;;;;Color3
2set;1655010;5100;1. 피리어드;2set;Successful Win;초구;;;;Color3
2set;1723137;4133;1. 피리어드;2set;Away Mistakes Win;;;;;Color3
2set;1738072;4868;1. 피리어드;2set;Away Mistakes Win;;;;;Color3
2set;1753691;6668;1. 피리어드;2set;Successful Win;초구;;;;Color3
2set;1770043;7367;1. 피리어드;2set;Away Successful Lose;;;;중간볼;Color3
2set;1790263;16820;1. 피리어드;2set;Mistake Lose;;Home2;Return;;Color3
2set;1824585;8367;1. 피리어드;2set;Away Successful Lose;;;;수비;Color3
2set;1853006;6117;1. 피리어드;2set;Successful Win;수비;;;;Color3
2set;1874093;7751;1. 피리어드;2set;Mistake Lose;;Home1;Short Drive;;Color3
2set;1900079;9785;1. 피리어드;2set;Successful Win;중간볼;;;;Color3
2set;1928050;6251;1. 피리어드;2set;Successful Win;중간볼;;;;Color3
2set;1959672;5885;1. 피리어드;2set;Away Successful Lose;;;;초구;Color3
2set;1982309;9801;1. 피리어드;2set;Successful Win;중간볼;;;;Color3
2set;2007396;6868;1. 피리어드;2set;Successful Win;공격;;;;Color3
2set;2027333;7967;1. 피리어드;2set;Away Successful Lose;;;;중간볼;Color3
2set;2069639;6235;1. 피리어드;2set;Successful Win;공격;;;;Color3
2set;2090392;7518;1. 피리어드;2set;Mistake Lose;;Home1;Return;;Color3
2set;2111146;3917;1. 피리어드;2set;Mistake Lose;;Home1;Serve Receive;;Color3
2set;2126980;4235;1. 피리어드;2set;Successful Win;초구;;;;Color3
3set;2251949;8669;1. 피리어드;3set;Away Successful Lose;;;;수비;Color3
3set;2276254;7951;1. 피리어드;3set;Away Successful Lose;;;;중간볼;Color3
3set;2303207;8785;1. 피리어드;3set;Successful Win;공격;;;;Color3
3set;2327544;8185;1. 피리어드;3set;Away Successful Lose;;;;중간볼;Color3
3set;2357732;9203;1. 피리어드;3set;Away Mistakes Win;;;;;Color3
3set;2383203;9118;1. 피리어드;3set;Successful Win;중간볼;;;;Color3
3set;2409456;5652;1. 피리어드;3set;Away Successful Lose;;;;중간볼;Color3
3set;2433427;3718;1. 피리어드;3set;Successful Win;초구;;;;Color3
3set;2452897;5667;1. 피리어드;3set;Away Successful Lose;;;;초구;Color3
3set;2485285;5417;1. 피리어드;3set;Away Successful Lose;;;;초구;Color3
3set;2507322;24170;1. 피리어드;3set;Away Successful Lose;;;;수비;Color3
3set;2566181;9368;1. 피리어드;3set;Mistake Lose;;Home1;Short Drive;;Color3
3set;2593785;9451;1. 피리어드;3set;Successful Win;수비;;;;Color3
3set;2622606;8034;1. 피리어드;3set;Away Successful Lose;;;;수비;Color3
3set;2650643;6851;1. 피리어드;3set;Successful Win;공격;;;;Color3
3set;2677113;12886;1. 피리어드;3set;Successful Win;수비;;;;Color3
3set;2707152;10100;1. 피리어드;3set;Away Successful Lose;;;;중간볼;Color3
3set;2739323;5335;1. 피리어드;3set;Successful Win;중간볼;;;;Color3
3set;2758692;15035;1. 피리어드;3set;Successful Win;수비;;;;Color3
3set;2797683;6768;1. 피리어드;3set;Away Mistakes Win;;;;;Color3
3set;2823186;8268;1. 피리어드;3set;Away Successful Lose;;;;수비;Color3
3set;2898514;3318;1. 피리어드;3set;Successful Win;초구;;;;Color3
3set;2912616;10419;1. 피리어드;3set;Mistake Lose;;Home1;Drive;;Color3
3set;2939770;16720;1. 피리어드;3set;Away Successful Lose;;;;중간볼;Color3
3set;2975909;9835;1. 피리어드;3set;Successful Win;공격;;;;Color3
3set;3007430;10935;1. 피리어드;3set;Successful Win;중간볼;;;;Color3
3set;3040636;7367;1. 피리어드;3set;Away Successful Lose;;;;수비;Color3
3set;3069573;13786;1. 피리어드;3set;Away Successful Lose;;;;중간볼;Color3
3set;3108912;9352;1. 피리어드;3set;Away Successful Lose;;;;수비;Color3
3set;3136216;5051;1. 피리어드;3set;Mistake Lose;;Home1;Serve Receive;;Color3
3set;3157620;3900;1. 피리어드;3set;Successful Win;초구;;;;Color3
3set;3204560;6134;1. 피리어드;3set;Successful Win;초구;;;;Color3
3set;3225713;6935;1. 피리어드;3set;Away Successful Lose;;;;중간볼;Color3
3set;3253251;12852;1. 피리어드;3set;Successful Win;공격;;;;Color3
3set;3284605;6801;1. 피리어드;3set;Away Successful Lose;;;;초구;Color3
3set;3314360;6785;1. 피리어드;3set;Away Successful Lose;;;;중간볼;Color3
3set;3342447;7585;1. 피리어드;3set;Away Successful Lose;;;;초구;Color3
