이름,위치,기간,Badminton Total,Direction,Rally,Result,Technics,점수,패턴코트위치,뒷사각
1set (1),119933,20633,0:0,Right,1set,Mistake Lose,Clear,0:0,,
1set (2),149100,13933,0:0,,1set,Away Mistake Win,,0:0,,
1set (3),174900,22266,0:0,Left,1set,Mistake Lose,Clear,0:0,,
1set (4),210100,6200,0:0,,1set,Away Mistake Win,,0:0,,
1set (5),230633,6000,0:0,,1set,Successful Win,,0:0,1B;1A;4B,
1set (6),249300,5666,0:0,,1set,Away Mistake Win,,0:0,,
1set (7),263500,21400,0:0,,1set,Successful Win,,0:0,2B;2A;1B,
1set (8),300900,10600,0:0,Left,1set,Mistake Lose,Smash,0:0,,
1set (9),322500,8066,0:0,,1set,Successful Win,,0:0,3A;1B,
1set (10),343233,8800,0:0,,1set,Successful Win,,0:0,2B;1A;3B,
1set (11),380933,5100,0:0,,1set,Away Successful Lose,,0:0,4A;3B;1A,뒤앞
1set (12),401766,20200,0:0,,1set,Successful Win,,0:0,5B;2A;4B,
1set (13),440166,17533,0:0,,1set,Away Successful Lose,,0:0,1A;4B;4A,앞뒤
1set (14),480166,9666,0:0,,1set,Away Mistake Win,,0:0,,
1set (15),502300,25466,0:0,,1set,Successful Win,,0:0,3B;4A;2B,
1set (16),560300,7733,0:0,Right,1set,Mistake Lose,Drop,0:0,,
1set (17),589733,4366,0:0,,1set,Away Successful Lose,,0:0,3A;4B;2A,뒤앞
1set (18),609833,5133,0:0,Left,1set,Mistake Lose,숏서브 리시브,0:0,,
1set (19),625033,11000,0:0,,1set,Away Mistake Win,,0:0,,
1set (20),698266,5066,0:0,,1set,Successful Win,,0:0,2B;3A;1B,
1set (21),713400,19600,0:0,,1set,Away Mistake Win,,0:0,,
1set (22),754866,5400,0:0,,1set,Away Successful Lose,,0:0,3A;2B;2A,뒤앞
1set (23),775200,12800,0:0,,1set,Away Mistake Win,,0:0,,
1set (24),802533,14200,0:0,,1set,Successful Win,,0:0,5B;2A;3B,
1set (25),845600,10066,0:0,,1set,Successful Win,,0:0,2B;1A;3B,
1set (26),869333,9933,0:0,Left,1set,Mistake Lose,Smash,0:0,,
1set (27),891333,10133,0:0,,1set,Away Mistake Win,,0:0,,
1set (28),922133,20933,0:0,,1set,Successful Win,,0:0,5B;2A;3B,
1set (29),980066,21600,0:0,,1set,Away Successful Lose,,0:0,3A;4B;6A,뒤뒤
1set (30),1026066,4600,0:0,,1set,Successful Win,,0:0,7B;4A;6B,
1set (31),1043800,12400,0:0,,1set,Successful Win,,0:0,8B;4A;6B,
1set (32),1067666,15533,0:0,,1set,Successful Win,,0:0,1B;3A;4B,
2set (1),1184000,29866,0:0,Left,2set,Mistake Lose,Smash,0:0,,
2set (2),1232000,4933,0:0,Left,2set,Mistake Lose,숏서브 리시브,0:0,,
2set (3),1251066,6133,0:0,,2set,Away Mistake Win,,0:0,,
2set (4),1271433,7800,0:0,,2set,Away Successful Lose,,0:0,4A;5B;1A,뒤앞
2set (5),1300933,16000,0:0,,2set,Successful Win,,0:0,2B;4A;1B,
2set (6),1337533,25133,0:0,,2set,Away Successful Lose,,0:0,2A;4B;4A,앞뒤
2set (7),1392200,6933,0:0,,2set,Away Mistake Win,,0:0,,
2set (8),1445200,5000,0:0,,2set,Successful Win,,0:0,2B;4A;6B,
2set (9),1471600,12666,0:0,,2set,Away Mistake Win,,0:0,,
2set (10),1500200,3800,0:0,,2set,Away Mistake Win,,0:0,,
2set (11),1516533,7733,0:0,,2set,Successful Win,,0:0,2B;3A;6B,
2set (12),1539400,16400,0:0,,2set,Away Mistake Win,,0:0,,
2set (13),1572066,5933,0:0,,2set,Away Mistake Win,,0:0,,
2set (14),1594266,13866,0:0,Left,2set,Mistake Lose,Drop,0:0,,
2set (15),1625466,5200,0:0,Left,2set,Mistake Lose,숏서브 리시브,0:0,,
2set (16),1653266,5800,0:0,,2set,Away Successful Lose,,0:0,7A;3B;2A,앞사이드
2set (17),1672333,24000,0:0,,2set,Away Mistake Win,,0:0,,
2set (18),1743400,7133,0:0,Left,2set,Mistake Lose,Drop,0:0,,
2set (19),1783466,20733,0:0,,2set,Successful Win,,0:0,1B;3A;5B,
2set (20),1919666,39666,0:0,,2set,Away Mistake Win,,0:0,,
2set (21),1999333,14400,0:0,,2set,Successful Win,,0:0,1B;2A;4B,
2set (22),2060033,7366,0:0,,2set,Away Successful Lose,,0:0,7A;4B;1A,앞사이드
2set (23),2100366,6633,0:0,,2set,Away Successful Lose,,0:0,3B;2A,앞사이드
2set (24),2136533,9933,0:0,Right,2set,Mistake Lose,Drop,0:0,,
2set (25),2165466,9200,0:0,,2set,Successful Win,,0:0,3B;4A;5B,
2set (26),2195066,6533,0:0,Right,2set,Mistake Lose,ETC,0:0,,
2set (27),2213066,13800,0:0,Right,2set,Mistake Lose,Smash,0:0,,
2set (28),2256400,22133,0:0,Left,2set,Mistake Lose,Drop,0:0,,
2set (29),2300466,6533,0:0,,2set,Away Mistake Win,,0:0,,
2set (30),2318533,21866,0:0,Left,2set,Mistake Lose,Smash,0:0,,
2set (31),2376533,5400,0:0,Left,2set,Mistake Lose,Clear,0:0,,
2set (32),2395066,5600,0:0,,2set,Successful Win,,0:0,8B;3A;6B,
2set (33),2418500,5500,0:0,,2set,Away Successful Lose,,0:0,2A;3B;1A,앞사이드
2set (34),2460266,9400,0:0,Middle,2set,Mistake Lose,Hairpin,0:0,,
2set (35),2481600,11733,0:0,,2set,Successful Win,,0:0,4B;4A;6B,
2set (36),2523266,4600,0:0,,2set,Away Successful Lose,,0:0,7A;3B;1A,앞사이드
2set (37),2547266,8000,0:0,,2set,Successful Win,,0:0,1B;3A;2B,
2set (38),2572600,14866,0:0,,2set,Away Mistake Win,,0:0,,
2set (39),2646400,13533,0:0,,2set,Away Successful Lose,,0:0,2B;1A,앞앞
2set (40),2680400,7666,0:0,Right,2set,Mistake Lose,Push,0:0,,
3set (1),2816100,20400,0:0,,3set,Successful Win,,0:0,2B;4A;5B,
3set (2),2853233,19833,0:0,,3set,Successful Win,,0:0,3B;4A;1B,
3set (3),2891166,3866,0:0,,3set,Away Mistake Win,,0:0,,
3set (4),2909700,18533,0:0,Right,3set,Mistake Lose,ETC,0:0,,
3set (5),2960133,5800,0:0,,3set,Successful Win,,0:0,2B;4A;5B,
3set (6),2984233,11200,0:0,,3set,Away Successful Lose,,0:0,3A;3B;5A,뒤사이드
3set (7),3009633,42133,0:0,,3set,Away Successful Lose,,0:0,2A;4B;5A,뒤사이드
3set (8),3099433,18133,0:0,,3set,Successful Win,,0:0,2B;2A;1B,
3set (9),3140700,5333,0:0,,3set,Away Successful Lose,,0:0,8A;2B;3A,사이드뒤
3set (10),3166733,10300,0:0,Left,3set,Mistake Lose,Smash,0:0,,
3set (11),3193566,18533,0:0,,3set,Away Mistake Win,,0:0,,
3set (12),3239133,7733,0:0,,3set,Away Successful Lose,,0:0,3B;1A,앞사이드
3set (13),3289533,5166,0:0,,3set,Away Successful Lose,,0:0,3A;2B;2A,뒤앞
3set (14),3316366,14733,0:0,,3set,Away Mistake Win,,0:0,,
3set (15),3352233,12400,0:0,,3set,Away Mistake Win,,0:0,,
3set (16),3384900,8133,0:0,,3set,Away Mistake Win,,0:0,,
3set (17),3421233,21333,0:0,,3set,Successful Win,,0:0,1B;3A;6B,
3set (18),3496966,6766,0:0,,3set,Away Successful Lose,,0:0,4B;2A,앞사이드
3set (19),3582233,10933,0:0,Right,3set,Mistake Lose,Clear,0:0,,
3set (20),3605966,4866,0:0,,3set,Away Successful Lose,,0:0,,
3set (21),3628233,11533,0:0,,3set,Successful Win,,0:0,2B;4A;5B,
3set (22),3721166,18400,0:0,Left,3set,Mistake Lose,Hairpin,0:0,,
3set (23),3766033,5400,0:0,Right,3set,Mistake Lose,Smash,0:0,,
3set (24),3783033,14466,0:0,Right,3set,Mistake Lose,Return,0:0,,
3set (25),3817166,4466,0:0,Left,3set,Mistake Lose,숏서브 리시브,0:0,,
3set (26),3835100,7266,0:0,,3set,Successful Win,,0:0,3B;3A;5B,
3set (27),3857900,11600,0:0,Left,3set,Mistake Lose,Drop,0:0,,
3set (28),3893300,12466,0:0,,3set,Away Mistake Win,,0:0,,
3set (29),3921100,30600,0:0,Left,3set,Mistake Lose,Clear,0:0,,
3set (30),4010233,25466,0:0,Left,3set,Mistake Lose,Clear,0:0,,
3set (31),4058033,11600,0:0,,3set,Successful Win,,0:0,3A;1B,
3set (32),4092900,5066,0:0,,3set,Away Successful Lose,,0:0,8A;1B;1A,사이드앞
3set (33),4114633,19266,0:0,,3set,Away Successful Lose,,0:0,3A;4B;4A,뒤뒤
3set (34),4154100,27266,0:0,Left,3set,Mistake Lose,Smash,0:0,,
3set (35),4203966,8266,0:0,,3set,Successful Win,,0:0,1B;3A;5B,
3set (36),4242633,5800,0:0,,3set,Successful Win,,0:0,2B;4A;8B,
3set (37),4264433,8066,0:0,,3set,Successful Win,,0:0,5B;2A;3B,
3set (38),4285966,14666,0:0,,3set,Successful Win,,0:0,5B;2A;4B,
3set (39),4324700,4333,0:0,,3set,Away Successful Lose,,0:0,8A;1B;1A,사이드앞