이름;위치;기간;피리어드;Rally;Result;Zone;실수 기술;ColorTag
1set;17015;27037;1. 피리어드;1set;Away Successful Lose;뒤-사이드(뒷사각);;Color2
1set;61904;12968;1. 피리어드;1set;Away Mistakes Win;;;Color2
1set;91559;18253;1. 피리어드;1set;Away Mistakes Win;;;Color2
1set;132348;8668;1. 피리어드;1set;Successful Win;뒤-사이드(뒷사각);;Color2
1set;158702;6602;1. 피리어드;1set;Away Successful Lose;뒤-사이드(뒷사각);;Color2
1set;182588;9552;1. 피리어드;1set;Successful Win;뒤-사이드(뒷사각);;Color2
1set;214510;11552;1. 피리어드;1set;Away Mistakes Win;;;Color2
1set;244331;4617;1. 피리어드;1set;Away Successful Lose;옆-옆(중간볼);;Color2
1set;268384;5451;1. 피리어드;1set;Mistake Lose;;Hairpin;Color2
1set;288637;16936;1. 피리어드;1set;Away Successful Lose;옆-옆(중간볼);;Color2
1set;329476;5768;1. 피리어드;1set;Successful Win;앞-앞(헤어핀싸움);;Color2
1set;354547;12735;1. 피리어드;1set;Away Successful Lose;옆-옆(중간볼);;Color2
1set;392219;8251;1. 피리어드;1set;Away Successful Lose;옆-옆(중간볼);;Color2
1set;416472;23504;1. 피리어드;1set;Successful Win;뒤-사이드(뒷사각);;Color2
1set;458428;9802;1. 피리어드;1set;Mistake Lose;;Drop;Color2
1set;487816;9718;1. 피리어드;1set;Away Mistakes Win;;;Color2
1set;515119;16503;1. 피리어드;1set;Away Successful Lose;앞-앞(헤어핀싸움);;Color2
1set;554592;16804;1. 피리어드;1set;Away Successful Lose;앞-사이드(앞사각);;Color2
1set;613484;19669;1. 피리어드;1set;Away Successful Lose;사이드-뒤;;Color2
1set;660123;15903;1. 피리어드;1set;Away Successful Lose;앞-사이드(앞사각);;Color2
1set;694712;15652;1. 피리어드;1set;Away Mistakes Win;;;Color2
1set;782440;5585;1. 피리어드;1set;Away Mistakes Win;;;Color2
1set;801927;17736;1. 피리어드;1set;Away Successful Lose;앞-사이드(앞사각);;Color2
1set;841499;11902;1. 피리어드;1set;Mistake Lose;;Receive;Color2
1set;869269;10952;1. 피리어드;1set;Mistake Lose;;Clear;Color2
1set;894607;13703;1. 피리어드;1set;Successful Win;사이드-앞;;Color2
1set;929429;4786;1. 피리어드;1set;Successful Win;옆-옆(중간볼);;Color2
1set;952632;13518;1. 피리어드;1set;Successful Win;앞-사이드(앞사각);;Color2
1set;986187;6751;1. 피리어드;1set;Away Mistakes Win;;;Color2
1set;1010206;10102;1. 피리어드;1set;Successful Win;앞-사이드(앞사각);;Color2
1set;1038776;7902;1. 피리어드;1set;Successful Win;앞-사이드(앞사각);;Color2
1set;1071148;20070;1. 피리어드;1set;Away Successful Lose;뒤-앞;;Color2
1set;1111537;6235;1. 피리어드;1set;Mistake Lose;;Serve Receive;Color2
1set;1133741;13468;1. 피리어드;1set;Away Mistakes Win;;;Color2
1set;1166963;14868;1. 피리어드;1set;Away Successful Lose;옆-옆(중간볼);;Color2
1set;1203784;10719;1. 피리어드;1set;Mistake Lose;;Drop;Color2
1set;1234122;25870;1. 피리어드;1set;Away Mistakes Win;;;Color2
1set;1290364;7801;1. 피리어드;1set;Away Successful Lose;앞-사이드(앞사각);;Color2
1set;1318368;14986;1. 피리어드;1set;Away Successful Lose;옆-옆(중간볼);;Color2
1set;1358439;21804;1. 피리어드;1set;Successful Win;옆-옆(중간볼);;Color2
2set;1525847;8619;1. 피리어드;2set;Successful Win;앞-뒤;;Color2
2set;1548750;8102;1. 피리어드;2set;Away Successful Lose;옆-옆(중간볼);;Color2
2set;1579555;6184;1. 피리어드;2set;Away Mistakes Win;;;Color2
2set;1604125;22069;1. 피리어드;2set;Away Mistakes Win;;;Color2
2set;1653532;20787;1. 피리어드;2set;Away Successful Lose;;;Color2
1set;1674319;1033;1. 피리어드;1set;Successful Win;뒤뒤;;Color2
2set;1698139;7134;1. 피리어드;2set;Mistake Lose;;ETC;Color2
2set;1722092;10652;1. 피리어드;2set;Away Mistakes Win;;;Color2
2set;1764281;29155;1. 피리어드;2set;Away Mistakes Win;;;Color2
2set;1824556;13803;1. 피리어드;2set;Successful Win;앞-뒤;;Color2
2set;1858828;6468;1. 피리어드;2set;Away Successful Lose;뒤-사이드(뒷사각);;Color2
2set;1883332;6868;1. 피리어드;2set;Away Mistakes Win;;;Color2
2set;1905502;26987;1. 피리어드;2set;Successful Win;뒤-사이드(뒷사각);;Color2
2set;1959359;7618;1. 피리어드;2set;Mistake Lose;;Return;Color2
2set;1982212;5702;1. 피리어드;2set;Mistake Lose;;Smash;Color2
2set;2001182;26404;1. 피리어드;2set;Away Mistakes Win;;;Color2
2set;2061573;13886;1. 피리어드;2set;Away Mistakes Win;앞-앞(헤어핀싸움);;Color2
2set;2096046;5801;1. 피리어드;2set;Away Mistakes Win;;;Color2
2set;2174257;15002;1. 피리어드;2set;Successful Win;앞-사이드(앞사각);;Color2
2set;2207362;6334;1. 피리어드;2set;Successful Win;앞-사이드(앞사각);;Color2
2set;2238333;4716;1. 피리어드;2set;Away Successful Lose;옆-옆(중간볼);;Color2
2set;2258501;5035;1. 피리어드;2set;Mistake Lose;;Serve Receive;Color2
2set;2274021;9101;1. 피리어드;2set;Mistake Lose;;ETC;Color2
2set;2298091;9802;1. 피리어드;2set;Mistake Lose;;Clear;Color2
2set;2322194;5935;1. 피리어드;2set;Away Mistakes Win;;;Color2
2set;2346381;30171;1. 피리어드;2set;Successful Win;앞-사이드(앞사각);;Color2
2set;2405690;6717;1. 피리어드;2set;Away Mistakes Win;;;Color2
2set;2426825;4635;1. 피리어드;2set;Away Mistakes Win;;;Color2
2set;2447961;8935;1. 피리어드;2set;Mistake Lose;;Return;Color2
2set;2472916;32005;1. 피리어드;2set;Away Mistakes Win;;;Color2
2set;2526057;7085;1. 피리어드;2set;Successful Win;앞-사이드(앞사각);;Color2
2set;2582649;16469;1. 피리어드;2set;Successful Win;옆-옆(중간볼);;Color2
2set;2619720;10468;1. 피리어드;2set;Successful Win;앞-사이드(앞사각);;Color2
